100,7512933088888,Legends Rising,Thriller
101,9780131103627,Introduction to Algorithms,Computer Science
11,9751378040098,Dreams of Infinity,Young Adult
13,7901530004777,Mirrors of the Soul,Children's
15,0087475638757,Beyond the Horizon,Fantasy
16,6406649445322,Mirrors of the Soul,Self-Help
2,6965260930857,Mysterious Forest,History
201,9781234567890,To Kill a Mockingbird,Fiction
202,9780987654321,1984,Non-Fiction
203,9785432167890,The Great Gatsby,Mystery
204,9788765432109,The Catcher in the Rye,History
205,9786543210987,Sapiens: A Brief History of Humankind,Science
206,9781122334455,Pride and Prejudice,Fiction
207,9782233445566,The Art of War,Non-Fiction
208,9783344556677,The Da Vinci Code,Mystery
209,9784455667788,A Brief History of Time,History
210,9785566778899,The Road,Science
211,9786677889900,Jane Eyre,Fiction
212,9789988776655,The Selfish Gene,Science
213,9785544332211,"Guns, Germs, and Steel",History
214,9783322115544,The Girl with the Dragon Tattoo,Mystery
215,9781100223344,Educated: A Memoir,Non-Fiction
216,9780000000016,The Hound of the Baskervilles,Mystery
217,9780000000017,Murder on the Orient Express,Mystery
218,9780000000018,The Girl with the Dragon Tattoo,Mystery
219,9780000000019,Gone Girl,Mystery
220,9780000000020,The Da Vinci Code,Mystery
221,9780000000021,And Then There Were None,Mystery
222,9780000000022,The Big Sleep,Mystery
223,9780000000023,The Silence of the Lambs,Mystery
224,9780000000024,The Maltese Falcon,Mystery
225,9780000000025,The No. 1 Ladiesâ€™ Detective Agency,Mystery
34,0798326522385,The Forgotten Path,Fiction
43,7860567199440,Revelations in Darkness,Mystery
45,8251053173732,Tales Untold,Non-Fiction
48,9107131360447,Beyond the Horizon,Romance
501,9781234567890,To Kill a Mockingbird,Fiction
502,9780987654321,1984,Mystery
503,9781112131415,The Maze Runner,Fantasy
504,9781122334455,Pride and Prejudice,Science
505,9782233445566,The Art of War,History
506,9783344556677,The Da Vinci Code,Biography
507,9784455667788,A Brief History of Time,Adventure
508,9785566778899,The Road,Horror
509,9786677889900,Jane Eyre,Drama
510,9787788990011,The Great Gatsby,Thriller
511,9788899001122,The Fault in Our Stars,Classic
512,9789900112233,1984,Travel
513,9781011223344,Pride and Prejudice,Politics
514,9782112334455,Divergent,Technology
515,9783213445566,The Hobbit,Cooking
55,1127175249305,Chronicles of the Future,Thriller
57,2566138484731,Adventures of the Mind,Biography
63,4570467187569,Echoes of Silence,Poetry
71,2938086950473,Revelations in Darkness,Young Adult
72,8735674773691,Whispers in the Wind,Young Adult
78,5282642636065,Embers of Eternity,Thriller
91,9347479839542,Adventures of the Mind,Mystery
94,0231646171634,The Forgotten Path,Mystery
97,2356331712770,Mirrors of the Soul,Mystery
I301,9780547928227,The Hobbit,Fantasy
I302,9780747532699,Harry Potter and the Philosopher's Stone,Fantasy
I303,9780062316097,The Name of the Wind,Fantasy
I304,9780006479888,The Eye of the World,Fantasy
I305,9780553103540,A Game of Thrones,Fantasy
I306,9780345535528,Mistborn: The Final Empire,Fantasy
I307,9780765377067,The Way of Kings,Fantasy
I308,9780441569595,Neuromancer,Fantasy
I309,9780545139700,Eragon,Fantasy
I310,9780345339683,The Fellowship of the Ring,Fantasy
I311,9781501109416,Me Before You,Romance
I312,9780143131847,The Notebook,Romance
I313,9780062857347,Pride and Prejudice,Romance
I314,9780345544135,The Rosie Project,Romance
I315,9781402231255,The Duke and I,Romance
I316,9780062653088,Eleanor & Park,Romance
I317,9780375842207,To All the Boys I've Loved Before,Romance
I318,9781455563964,It Ends with Us,Romance
I319,9780345803481,Outlander,Romance
I320,9780440212560,Bridget Jones's Diary,Romance
I321,9781451648546,The Da Vinci Code,Action
I322,9780765336281,Ready Player One,Action
I323,9780440242946,The Bourne Identity,Action
I324,9780385490818,Jurassic Park,Action
I325,9780312863555,Snow Crash,Action
I326,9780316096198,Divergent,Action
I327,9781400078776,Angels and Demons,Action
I328,9780451224926,The Lost Symbol,Action
I329,9781593154781,The Hunger Games,Action
I330,9781501173219,Armada,Action
I331,9780812975215,Lonesome Dove,Western
I332,9780060932988,True Grit,Western
I333,9780553898463,Riders of the Purple Sage,Western
I334,9781250622572,No Country for Old Men,Western
I335,9780451223967,The Son,Western
I336,9780307474278,Into the Wild,Adventure
I337,9780345816023,The Martian,Adventure
I338,9780307743657,Life of Pi,Adventure
I339,9780141439600,Treasure Island,Adventure
I340,9780140187396,Robinson Crusoe,Adventure
I341,9780743273565,The Great Gatsby,Drama
I342,9780385721677,The Kite Runner,Drama
I343,9780316769488,The Catcher in the Rye,Drama
I344,9780743477123,Of Mice and Men,Drama
I345,9781400032716,A Thousand Splendid Suns,Drama
I346,9781524763169,The Silent Patient,Thriller
I347,9780451489738,Gone Girl,Thriller
I348,9780062381620,The Girl on the Train,Thriller
I349,9780735211210,The Woman in the Window,Thriller
I350,9781501171345,Behind Closed Doors,Thriller
I351,9780374533557,Sapiens: A Brief History of Humankind,Non-Fiction
I352,9780062316097,Educated,Non-Fiction
I353,9780804139298,The Wright Brothers,Non-Fiction
I354,9780812988406,Becoming,Non-Fiction
I355,9780307949332,The Immortal Life of Henrietta Lacks,Non-Fiction
I356,9780804172448,Unbroken,Non-Fiction
I357,9781501161933,Born a Crime,Non-Fiction
I358,9781400067827,The Glass Castle,Non-Fiction
I359,9780385534246,Hillbilly Elegy,Non-Fiction
I360,9780525432147,Quiet: The Power of Introverts,Non-Fiction
I361,9780399590504,Becoming Supernatural,Non-Fiction
I362,9780062457738,How to Change Your Mind,Non-Fiction
I363,9780374533557,Homo Deus: A Brief History of Tomorrow,Non-Fiction
I364,9780399588372,The Body: A Guide for Occupants,Non-Fiction
I365,9781101911525,Why We Sleep,Non-Fiction
I366,9780062806768,The Subtle Art of Not Giving a F*ck,Non-Fiction
I367,9780316450853,Atomic Habits,Non-Fiction
I368,9781401950845,You Are the Placebo,Non-Fiction
I369,9781501157868,Can't Hurt Me,Non-Fiction
I370,9780812993547,When Breath Becomes Air,Non-Fiction
I371,9780451524935,1984,Fiction
I372,9780061120084,To Kill a Mockingbird,Fiction
I373,9780140177398,Of Mice and Men,Fiction
I374,9780439554930,Harry Potter and the Sorcerer's Stone,Fiction
I375,9780385472579,The Alchemist,Fiction
I376,9780743273565,The Great Gatsby,Fiction
I377,9780316769488,The Catcher in the Rye,Fiction
I378,9780547928227,The Hobbit,Fiction
I379,9781594631931,The Kite Runner,Fiction
I380,9780142424179,The Fault in Our Stars,Fiction
I381,9780307277671,Life of Pi,Fiction
I382,9781449474256,Milk and Honey,Fiction
I383,9780525478810,The Book Thief,Fiction
I384,9780060850524,Brave New World,Fiction
I385,9780446310789,The Outsiders,Fiction
I386,9780618640157,The Road,Fiction
I387,9781501128035,It Ends with Us,Fiction
I388,9780452284241,The Handmaid's Tale,Fiction
I389,9780140283334,The God of Small Things,Fiction
I390,9780743482837,A Midsummer Night's Dream,Fiction
